ID,メーカー,商品名,タイプ,間口mm,奥行mm,高さmm,有効高さmm,屋根材,屋根形状,柱,耐積雪cm,耐風圧mps,熱線遮断,天井照明,カラー,保証年,価格,楽天商品コード,画像リンク,アフィリエイトリンク,公式URL,画像クレジット
lixil-carport-sc-1,LIXIL,カーポートSC 1台用,1台用,2700,5754,2350,2100,アルミ形材,フラット,片側支持,20,42,×,×,オフブラック,2,395000,jyupro:car-csc-kj,https://hbb.afl.rakuten.co.jp/hgb/54a929f3.becd46de.54a929f4.e7b12c3e/?me_id=1232965&item_id=10130290&pc=https%3A%2F%2Fthumbnail.image.rakuten.co.jp%2F%400_mall%2Fjyupro%2Fcabinet%2Fcarport%2Fcar-csc-kj.jpg%3F_ex%3D240x240&s=240x240&t=pict,https://hb.afl.rakuten.co.jp/ichiba/54a929f3.becd46de.54a929f4.e7b12c3e/?pc=https%3A%2F%2Fitem.rakuten.co.jp%2Fjyupro%2Fcar-csc-kj%2F&link_type=pict&ut=eyJwYWdlIjoiaXRlbSIsInR5cGUiOiJwaWN0Iiwic2l6ZSI6IjI0MHgyNDAiLCJuYW0iOjEsIm5hbXAiOiJyaWdodCIsImNvbSI6MSwiY29tcCI6ImRvd24iLCJwcmljZSI6MSwiYm9yIjoxLCJjb2wiOjEsImJidG4iOjEsInByb2QiOjAsImFtcCI6ZmFsc2V9,https://www.lixil.co.jp/,画像・リンク提供：楽天市場
lixil-carport-st-1,LIXIL,カーポートST 1台用,1台用,2700,5000,2350,2050,ポリカーボネート,フラット,片側支持,20,38,○,×,シャイングレー,2,198000,,,,https://www.lixil.co.jp/,
lixil-carport-st-2,LIXIL,カーポートST 2台用,2台用,5400,5000,2400,2100,ポリカーボネート,フラット,両側支持,20,38,○,×,ナチュラルシルバー,2,358000,,,,https://www.lixil.co.jp/,
ykkap-rezas-1,YKK AP,レイナポートグラン 1台用,1台用,2700,5100,2500,2200,熱線遮断ポリカーボネート,アール,片側支持,30,42,○,×,プラチナステン,2,245000,,,,https://www.ykkap.co.jp/,
sankyo-mshade-2,三協アルミ,エムシェードプラス 2台用,2台用,5500,5400,2450,2150,ポリカーボネート,フラット,両側支持,50,46,×,×,ブラック,3,412000,,,,https://alumi.st-grp.co.jp/,
lixil-footly-snow,LIXIL,フーゴF 積雪地仕様 1台用,1台用,3000,5400,2600,2300,折板,フラット,両側支持,100,46,×,×,アースグレー,2,320000,,,,https://www.lixil.co.jp/,
sankyo-wide-3,三協アルミ,セルフィ ワイド 3台用,3台用以上,8100,5400,2500,2200,熱線遮断ポリカーボネート,フラット,両側支持,30,42,○,×,ステンカラー,3,598000,,,,https://alumi.st-grp.co.jp/,
generic-economy-1,三協アルミ,エコノミーカーポート 1台用,1台用,2400,4800,,1900,ポリカーボネート,アール,片側支持,20,,×,×,シルバー,,128000,,,,,
ykkap-fortify-2,YKK AP,ジーポート Pro 2台用,2台用,5700,5500,2700,2400,折板,フラット,両側支持,150,54,×,×,カームブラック,3,685000,,,,https://www.ykkap.co.jp/,
